,n_splits,metric,k_best_features,n_neighbors,Crossvalid run,Scores,Relative error
240,2,manhattan,2,1,0,"[0.5725377107364685, 0.5714603245165593]",0.001885321121498
15,2,euclidean,2,1,0,"[0.5725377107364685, 0.5714603245165593]",0.001885321121498
75,2,euclidean,6,1,0,"[0.6024844720496895, 0.5845743498555235]",0.030637885837092
300,2,manhattan,6,1,0,"[0.6024844720496895, 0.5845743498555235]",0.030637885837092
135,2,euclidean,10,1,0,"[0.5944986690328306, 0.5750166703711936]",0.033880754533709
360,2,manhattan,10,1,0,"[0.5944986690328306, 0.5750166703711936]",0.033880754533709
150,2,euclidean,11,1,0,"[0.6018189884649512, 0.5814625472327184]",0.03500903253204
375,2,manhattan,11,1,0,"[0.6018189884649512, 0.5812402756168037]",0.035404829485207
210,2,euclidean,15,1,0,"[0.6033717834960071, 0.5799066459213158]",0.04046364658817
30,2,euclidean,3,1,0,"[0.5944986690328306, 0.5712380529006446]",0.040719654466422
255,2,manhattan,3,1,0,"[0.5944986690328306, 0.5712380529006446]",0.040719654466422
120,2,euclidean,9,1,0,"[0.59849157054126, 0.5750166703711936]",0.040824729750726
345,2,manhattan,9,1,0,"[0.59849157054126, 0.5750166703711936]",0.040824729750726
435,2,manhattan,15,1,0,"[0.6033717834960071, 0.5796843743054012]",0.040862597372905
285,2,manhattan,5,1,0,"[0.6029281277728483, 0.5787952878417426]",0.041694948867145
60,2,euclidean,5,1,0,"[0.6029281277728483, 0.5787952878417426]",0.041694948867145
105,2,euclidean,8,1,0,"[0.5971606033717834, 0.5727939542120472]",0.042539990131802
330,2,manhattan,8,1,0,"[0.5971606033717834, 0.5727939542120472]",0.042539990131802
180,2,euclidean,13,1,0,"[0.6038154392191659, 0.5790175594576572]",0.042827509039166
405,2,manhattan,13,1,0,"[0.6038154392191659, 0.5787952878417426]",0.043227980432806
195,2,euclidean,14,1,0,"[0.6038154392191659, 0.577906201378084]",0.044832946556549
420,2,manhattan,14,1,0,"[0.6038154392191659, 0.5776839297621694]",0.045234960002704
315,2,manhattan,7,1,0,"[0.5978260869565217, 0.5714603245165593]",0.046137520504625
90,2,euclidean,7,1,0,"[0.5978260869565217, 0.5714603245165593]",0.046137520504625
165,2,euclidean,12,1,0,"[0.6018189884649512, 0.5747943987552789]",0.047016097874639
390,2,manhattan,12,1,0,"[0.6018189884649512, 0.5745721271393643]",0.047421133115596
45,2,euclidean,4,1,0,"[0.60226264418811, 0.5716825961324739]",0.053491304899809
270,2,manhattan,4,1,0,"[0.60226264418811, 0.5716825961324739]",0.053491304899809
0,2,euclidean,1,1,0,"[0.5942768411712511, 0.6285841298066237]",0.054578674529894
225,2,manhattan,1,1,0,"[0.5942768411712511, 0.6285841298066237]",0.054578674529894
211,2,euclidean,15,1,1,"[0.6035936113575865, 0.6034674372082685]",0.000209081951301
61,2,euclidean,5,1,1,"[0.5982697426796806, 0.5985774616581463]",0.00051408380398
436,2,manhattan,15,1,1,"[0.6035936113575865, 0.6041342520560125]",0.000894901582862
406,2,manhattan,13,1,1,"[0.599600709849157, 0.5990220048899756]",0.000966082972674
286,2,manhattan,5,1,1,"[0.5982697426796806, 0.5990220048899756]",0.001255817322492
181,2,euclidean,13,1,1,"[0.599600709849157, 0.5985774616581463]",0.001709466621373
196,2,euclidean,14,1,1,"[0.6007098491570542, 0.6034674372082685]",0.004569572243983
421,2,manhattan,14,1,1,"[0.6007098491570542, 0.6039119804400978]",0.005302314553704
1,2,euclidean,1,1,1,"[0.5665483584738243, 0.5696821515892421]",0.005500950146806
226,2,manhattan,1,1,1,"[0.5665483584738243, 0.5696821515892421]",0.005500950146806
31,2,euclidean,3,1,1,"[0.6007098491570542, 0.6045787952878418]",0.006399407589123
256,2,manhattan,3,1,1,"[0.6007098491570542, 0.605023338519671]",0.007129459457169
16,2,euclidean,2,1,1,"[0.5962732919254659, 0.6012447210491221]",0.008268561784595
241,2,manhattan,2,1,1,"[0.5962732919254659, 0.6012447210491221]",0.008268561784595
346,2,manhattan,9,1,1,"[0.6126885536823425, 0.6065792398310735]",0.010071748998483
121,2,euclidean,9,1,1,"[0.6126885536823425, 0.6061346965992442]",0.010812542360418
331,2,manhattan,8,1,1,"[0.6089174800354925, 0.6005779062013781]",0.013885915129416
106,2,euclidean,8,1,1,"[0.6089174800354925, 0.6001333629695488]",0.014636941733215
271,2,manhattan,4,1,1,"[0.6093611357586513, 0.6001333629695488]",0.015376203621545
46,2,euclidean,4,1,1,"[0.6093611357586513, 0.5996888197377195]",0.016128891689463
301,2,manhattan,6,1,1,"[0.6089174800354925, 0.5987997332740609]",0.016896712204781
316,2,manhattan,7,1,1,"[0.607586512866016, 0.5972438319626584]",0.017317350719838
76,2,euclidean,6,1,1,"[0.6089174800354925, 0.5983551900422316]",0.017652207533314
91,2,euclidean,7,1,1,"[0.607586512866016, 0.5967992887308291]",0.018075129007153
391,2,manhattan,12,1,1,"[0.6082519964507542, 0.59302067126028]",0.0256843073583
166,2,euclidean,12,1,1,"[0.6082519964507542, 0.5925761280284507]",0.026453762952717
361,2,manhattan,10,1,1,"[0.6104702750665484, 0.5939097577239386]",0.027883895031587
136,2,euclidean,10,1,1,"[0.6104702750665484, 0.5934652144921093]",0.028653845514757
376,2,manhattan,11,1,1,"[0.6164596273291926, 0.5939097577239386]",0.037968511734296
151,2,euclidean,11,1,1,"[0.6164596273291926, 0.5934652144921093]",0.038746016237467
17,2,euclidean,2,1,2,"[0.5791925465838509, 0.5661258057346077]",0.023080984326951
242,2,manhattan,2,1,2,"[0.5791925465838509, 0.5661258057346077]",0.023080984326951
122,2,euclidean,9,1,2,"[0.6060337178349601, 0.5776839297621694]",0.049074912096762
347,2,manhattan,9,1,2,"[0.6060337178349601, 0.5774616581462547]",0.049478713063697
227,2,manhattan,1,1,2,"[0.5774179236912156, 0.5487886196932652]",0.052168180918096
2,2,euclidean,1,1,2,"[0.5774179236912156, 0.5487886196932652]",0.052168180918096
152,2,euclidean,11,1,2,"[0.6091393078970718, 0.5774616581462547]",0.054856715253628
377,2,manhattan,11,1,2,"[0.6091393078970718, 0.5772393865303401]",0.055262898047334
137,2,euclidean,10,1,2,"[0.6106921029281278, 0.5776839297621694]",0.057138811494285
107,2,euclidean,8,1,2,"[0.6086956521739131, 0.5756834852189375]",0.057344300822562
362,2,manhattan,10,1,2,"[0.6106921029281278, 0.5774616581462547]",0.057545716348594
332,2,manhattan,8,1,2,"[0.6086956521739131, 0.5754612136030229]",0.057752699548256
212,2,euclidean,15,1,2,"[0.6095829636202307, 0.5745721271393643]",0.060933753704997
167,2,euclidean,12,1,2,"[0.6106921029281278, 0.5754612136030229]",0.06122200504969
437,2,manhattan,15,1,2,"[0.6095829636202307, 0.5743498555234496]",0.061344331783057
392,2,manhattan,12,1,2,"[0.6106921029281278, 0.5752389419871082]",0.061632059920266
182,2,euclidean,13,1,2,"[0.610248447204969, 0.5747943987552789]",0.061681269905319
407,2,manhattan,13,1,2,"[0.610248447204969, 0.5745721271393643]",0.062091978326946
197,2,euclidean,14,1,2,"[0.610248447204969, 0.5730162258279617]",0.064975858795638
422,2,manhattan,14,1,2,"[0.610248447204969, 0.5727939542120472]",0.065389120673324
92,2,euclidean,7,1,2,"[0.6184560780834073, 0.5774616581462547]",0.070990721823422
317,2,manhattan,7,1,2,"[0.6184560780834073, 0.5772393865303401]",0.071403117172603
62,2,euclidean,5,1,2,"[0.6024844720496895, 0.5605690153367415]",0.074773053033923
287,2,manhattan,5,1,2,"[0.6024844720496895, 0.5605690153367415]",0.074773053033923
302,2,manhattan,6,1,2,"[0.6051464063886424, 0.5610135585685708]",0.078666276680865
77,2,euclidean,6,1,2,"[0.6051464063886424, 0.5610135585685708]",0.078666276680865
272,2,manhattan,4,1,2,"[0.5940550133096717, 0.5505667926205824]",0.078988092402185
47,2,euclidean,4,1,2,"[0.5940550133096717, 0.5505667926205824]",0.078988092402185
32,2,euclidean,3,1,2,"[0.592058562555457, 0.5472327183818626]",0.081913677066207
257,2,manhattan,3,1,2,"[0.592058562555457, 0.5472327183818626]",0.081913677066207
378,2,manhattan,11,1,3,"[0.5969387755102041, 0.5947988441875972]",0.003597739544248
153,2,euclidean,11,1,3,"[0.5971606033717834, 0.5947988441875972]",0.003970685564146
303,2,manhattan,6,1,3,"[0.5858473824312334, 0.5830184485441209]",0.004852220189904
78,2,euclidean,6,1,3,"[0.5860692102928128, 0.5830184485441209]",0.005232701909022
138,2,euclidean,10,1,3,"[0.5942768411712511, 0.5979106468104023]",0.006077506160052
363,2,manhattan,10,1,3,"[0.5940550133096717, 0.5979106468104023]",0.006448511196947
213,2,euclidean,15,1,3,"[0.5916149068322981, 0.5954656590353412]",0.006466791400333
438,2,manhattan,15,1,3,"[0.5913930789707187, 0.5954656590353412]",0.006839319787509
348,2,manhattan,9,1,3,"[0.5940550133096717, 0.5896865970215603]",0.007408030486322
123,2,euclidean,9,1,3,"[0.5942768411712511, 0.5896865970215603]",0.007784209735944
168,2,euclidean,12,1,3,"[0.59472049689441, 0.6016892642809514]",0.011582003868508
393,2,manhattan,12,1,3,"[0.5944986690328306, 0.6016892642809514]",0.011950678988288
333,2,manhattan,8,1,3,"[0.59472049689441, 0.5876861524783286]",0.011969559579406
243,2,manhattan,2,1,3,"[0.5951641526175687, 0.5879084240942432]",0.012341596456122
18,2,euclidean,2,1,3,"[0.5951641526175687, 0.5879084240942432]",0.012341596456122
108,2,euclidean,8,1,3,"[0.5949423247559894, 0.5876861524783286]",0.012347019318153
273,2,manhattan,4,1,3,"[0.5811889973380656, 0.5730162258279617]",0.014262722662513
48,2,euclidean,4,1,3,"[0.581410825199645, 0.5730162258279617]",0.014649845839101
288,2,manhattan,5,1,3,"[0.5849600709849158, 0.5763503000666815]",0.014938433999667
63,2,euclidean,5,1,3,"[0.5851818988464951, 0.5763503000666815]",0.015323317744073
183,2,euclidean,13,1,3,"[0.5913930789707187, 0.6012447210491221]",0.016385411353322
408,2,manhattan,13,1,3,"[0.5911712511091393, 0.6012447210491221]",0.016754359060992
198,2,euclidean,14,1,3,"[0.5896184560780834, 0.6012447210491221]",0.019336993014678
423,2,manhattan,14,1,3,"[0.589396628216504, 0.6012447210491221]",0.019705940722347
258,2,manhattan,3,1,3,"[0.5816326530612245, 0.5699044232051567]",0.020579292559458
33,2,euclidean,3,1,3,"[0.5818544809228039, 0.5699044232051567]",0.020968529513142
318,2,manhattan,7,1,3,"[0.5964951197870453, 0.5801289175372305]",0.028211319510313
93,2,euclidean,7,1,3,"[0.5967169476486247, 0.5801289175372305]",0.028593696349105
3,2,euclidean,1,1,3,"[0.5949423247559894, 0.5536785952433875]",0.074526503041829
228,2,manhattan,1,1,3,"[0.5949423247559894, 0.5536785952433875]",0.074526503041829
64,2,euclidean,5,1,4,"[0.5827417923691216, 0.5841298066236942]",0.002376208573562
289,2,manhattan,5,1,4,"[0.5827417923691216, 0.5841298066236942]",0.002376208573562
274,2,manhattan,4,1,4,"[0.5831854480922803, 0.5807957323849744]",0.004114554522453
49,2,euclidean,4,1,4,"[0.5831854480922803, 0.5807957323849744]",0.004114554522453
334,2,manhattan,8,1,4,"[0.5956078083407276, 0.5907979551011335]",0.008141282816002
109,2,euclidean,8,1,4,"[0.5956078083407276, 0.5907979551011335]",0.008141282816002
94,2,euclidean,7,1,4,"[0.5980479148181012, 0.5912424983329628]",0.011510364197984
319,2,manhattan,7,1,4,"[0.5980479148181012, 0.5912424983329628]",0.011510364197984
349,2,manhattan,9,1,4,"[0.5953859804791481, 0.5881306957101579]",0.012336177693004
124,2,euclidean,9,1,4,"[0.5953859804791481, 0.5881306957101579]",0.012336177693004
79,2,euclidean,6,1,4,"[0.584072759538598, 0.5916870415647921]",0.012868765903774
304,2,manhattan,6,1,4,"[0.584072759538598, 0.5916870415647921]",0.012868765903774
259,2,manhattan,3,1,4,"[0.589396628216504, 0.5796843743054012]",0.0167543828014
34,2,euclidean,3,1,4,"[0.589396628216504, 0.5796843743054012]",0.0167543828014
394,2,manhattan,12,1,4,"[0.5871783496007098, 0.6005779062013781]",0.022311104791416
169,2,euclidean,12,1,4,"[0.5871783496007098, 0.6005779062013781]",0.022311104791416
364,2,manhattan,10,1,4,"[0.5882874889086069, 0.6023560791286953]",0.023355936310029
139,2,euclidean,10,1,4,"[0.5882874889086069, 0.6023560791286953]",0.023355936310029
379,2,manhattan,11,1,4,"[0.5849600709849158, 0.6003556345854635]",0.025644072802245
154,2,euclidean,11,1,4,"[0.5849600709849158, 0.6003556345854635]",0.025644072802245
439,2,manhattan,15,1,4,"[0.5896184560780834, 0.6081351411424761]",0.030448306324818
214,2,euclidean,15,1,4,"[0.5896184560780834, 0.6081351411424761]",0.030448306324818
409,2,manhattan,13,1,4,"[0.5896184560780834, 0.6083574127583907]",0.030802545160651
184,2,euclidean,13,1,4,"[0.5896184560780834, 0.6083574127583907]",0.030802545160651
199,2,euclidean,14,1,4,"[0.5900621118012422, 0.6119137586130251]",0.035710337452311
424,2,manhattan,14,1,4,"[0.5900621118012422, 0.6119137586130251]",0.035710337452311
244,2,manhattan,2,1,4,"[0.5918367346938775, 0.5550122249388753]",0.066349006562978
19,2,euclidean,2,1,4,"[0.5918367346938775, 0.5550122249388753]",0.066349006562978
4,2,euclidean,1,1,4,"[0.751109139307897, 0.55523449655479]",0.352778229682237
229,2,manhattan,1,1,4,"[0.751109139307897, 0.55523449655479]",0.352778229682237
140,2,euclidean,10,5,0,"[0.7020851818988465, 0.7034896643698599]",0.001996450754215
365,2,manhattan,10,5,0,"[0.7018633540372671, 0.7039342076016892]",0.002941828287444
380,2,manhattan,11,5,0,"[0.7167258207630879, 0.7106023560791287]",0.008617287335981
155,2,euclidean,11,5,0,"[0.7169476486246673, 0.7103800844632141]",0.009245141164699
410,2,manhattan,13,5,0,"[0.7158385093167702, 0.7092687263836408]",0.009262755692933
185,2,euclidean,13,5,0,"[0.7160603371783496, 0.7090464547677262]",0.009891992779121
425,2,manhattan,14,5,0,"[0.7158385093167702, 0.7086019115358969]",0.010212501071565
200,2,euclidean,14,5,0,"[0.7160603371783496, 0.7086019115358969]",0.01052555111838
395,2,manhattan,12,5,0,"[0.7165039929015085, 0.7081573683040676]",0.011786398011264
440,2,manhattan,15,5,0,"[0.7165039929015085, 0.7081573683040676]",0.011786398011264
5,2,euclidean,1,5,0,"[0.7333629103815439, 0.7246054678817515]",0.012085807916125
230,2,manhattan,1,5,0,"[0.7333629103815439, 0.7246054678817515]",0.012085807916125
215,2,euclidean,15,5,0,"[0.7167258207630879, 0.7081573683040676]",0.012099644574116
170,2,euclidean,12,5,0,"[0.7167258207630879, 0.7079350966881529]",0.01241741526315
20,2,euclidean,2,5,0,"[0.7158385093167702, 0.7041564792176039]",0.016590105244997
350,2,manhattan,9,5,0,"[0.7160603371783496, 0.7032673927539453]",0.018190725968835
245,2,manhattan,2,5,0,"[0.7158385093167702, 0.7030451211380306]",0.018197108256766
125,2,euclidean,9,5,0,"[0.716282165039929, 0.702822849522116]",0.019150367019178
335,2,manhattan,8,5,0,"[0.7196095829636202, 0.7030451211380306]",0.023561022369057
110,2,euclidean,8,5,0,"[0.7196095829636202, 0.7026005779062013]",0.024208640858376
320,2,manhattan,7,5,0,"[0.7193877551020408, 0.6970437875083352]",0.032055328508955
95,2,euclidean,7,5,0,"[0.7193877551020408, 0.6965992442765059]",0.032713947097665
290,2,manhattan,5,5,0,"[0.7255989352262644, 0.7017114914425427]",0.034041688179589
65,2,euclidean,5,5,0,"[0.7255989352262644, 0.7017114914425427]",0.034041688179589
80,2,euclidean,6,5,0,"[0.7264862466725821, 0.7012669482107134]",0.03596247980347
305,2,manhattan,6,5,0,"[0.7264862466725821, 0.7012669482107134]",0.03596247980347
35,2,euclidean,3,5,0,"[0.7233806566104702, 0.6923760835741276]",0.044779959579617
260,2,manhattan,3,5,0,"[0.7233806566104702, 0.6923760835741276]",0.044779959579617
275,2,manhattan,4,5,0,"[0.7255989352262644, 0.6934874416537008]",0.046304362045822
50,2,euclidean,4,5,0,"[0.7255989352262644, 0.6934874416537008]",0.046304362045822
51,2,euclidean,4,5,1,"[0.7202750665483585, 0.7181595910202268]",0.002945690003425
66,2,euclidean,5,5,1,"[0.7198314108251996, 0.7177150477883975]",0.002948751100208
81,2,euclidean,6,5,1,"[0.7198314108251996, 0.7177150477883975]",0.002948751100208
276,2,manhattan,4,5,1,"[0.7202750665483585, 0.717937319404312]",0.003256199504974
291,2,manhattan,5,5,1,"[0.7198314108251996, 0.7174927761724827]",0.003259453935122
306,2,manhattan,6,5,1,"[0.7198314108251996, 0.7174927761724827]",0.003259453935122
231,2,manhattan,1,5,1,"[0.7187222715173026, 0.7163814180929096]",0.003267607681149
6,2,euclidean,1,5,1,"[0.7187222715173026, 0.7163814180929096]",0.003267607681149
261,2,manhattan,3,5,1,"[0.712511091393079, 0.7181595910202268]",0.007865242903911
36,2,euclidean,3,5,1,"[0.712511091393079, 0.7183818626361413]",0.008172215291627
381,2,manhattan,11,5,1,"[0.718944099378882, 0.7297177150477884]",0.014764086778681
156,2,euclidean,11,5,1,"[0.718944099378882, 0.7303845298955324]",0.015663571787709
366,2,manhattan,10,5,1,"[0.7180567879325643, 0.7297177150477884]",0.015980052114345
141,2,euclidean,10,5,1,"[0.7180567879325643, 0.7303845298955324]",0.016878426990686
321,2,manhattan,7,5,1,"[0.7096273291925466, 0.7219382084907757]",0.01705253878163
96,2,euclidean,7,5,1,"[0.7096273291925466, 0.7221604801066904]",0.01735507724307
336,2,manhattan,8,5,1,"[0.7100709849157054, 0.7232718381862636]",0.018251579245311
351,2,manhattan,9,5,1,"[0.7089618456078084, 0.7226050233385197]",0.018880546481227
111,2,euclidean,8,5,1,"[0.7100709849157054, 0.7239386530340075]",0.01915586087327
426,2,manhattan,14,5,1,"[0.7067435669920142, 0.7208268504112025]",0.019537678724307
126,2,euclidean,9,5,1,"[0.7089618456078084, 0.7232718381862636]",0.01978508193315
201,2,euclidean,14,5,1,"[0.7067435669920142, 0.7212713936430318]",0.020141969831411
441,2,manhattan,15,5,1,"[0.7067435669920142, 0.7212713936430318]",0.020141969831411
216,2,euclidean,15,5,1,"[0.7067435669920142, 0.7214936652589464]",0.020443836137686
396,2,manhattan,12,5,1,"[0.7133984028393966, 0.7286063569682152]",0.020872661874788
171,2,euclidean,12,5,1,"[0.7133984028393966, 0.7292731718159591]",0.021767932223577
411,2,manhattan,13,5,1,"[0.709849157054126, 0.7301622582796177]",0.027819982469859
186,2,euclidean,13,5,1,"[0.709849157054126, 0.7308290731273617]",0.028707008033299
21,2,euclidean,2,5,1,"[0.6996450754214729, 0.7334963325183375]",0.046150547175392
246,2,manhattan,2,5,1,"[0.6996450754214729, 0.7334963325183375]",0.046150547175392
262,2,manhattan,3,5,2,"[0.7051907719609583, 0.7052678372971771]",0.000109271020375
307,2,manhattan,6,5,2,"[0.7133984028393966, 0.7130473438541898]",0.000492336151635
82,2,euclidean,6,5,2,"[0.7133984028393966, 0.7126028006223605]",0.001116473604007
37,2,euclidean,3,5,2,"[0.7056344276841171, 0.7048232940653478]",0.001150832592508
97,2,euclidean,7,5,2,"[0.7102928127772848, 0.7126028006223605]",0.003241620497503
322,2,manhattan,7,5,2,"[0.7102928127772848, 0.7130473438541898]",0.003863040933602
217,2,euclidean,15,5,2,"[0.7038598047914818, 0.707268281840409]",0.00481921377848
442,2,manhattan,15,5,2,"[0.7036379769299024, 0.707268281840409]",0.00513285411451
202,2,euclidean,14,5,2,"[0.703416149068323, 0.7070460102244943]",0.005133840094818
427,2,manhattan,14,5,2,"[0.7031943212067435, 0.7070460102244943]",0.005447579028878
142,2,euclidean,10,5,2,"[0.7102928127772848, 0.7166036897088242]",0.008806648670904
367,2,manhattan,10,5,2,"[0.7102928127772848, 0.7170482329406535]",0.009421151678548
52,2,euclidean,4,5,2,"[0.7056344276841171, 0.7126028006223605]",0.009778761649768
67,2,euclidean,5,5,2,"[0.7051907719609583, 0.7126028006223605]",0.010401346521413
157,2,euclidean,11,5,2,"[0.7091836734693877, 0.7168259613247389]",0.010661287770923
277,2,manhattan,4,5,2,"[0.7051907719609583, 0.7130473438541898]",0.01101830328792
382,2,manhattan,11,5,2,"[0.7089618456078084, 0.7172705045565682]",0.011583717573744
292,2,manhattan,5,5,2,"[0.7047471162377995, 0.7130473438541898]",0.011640500014383
127,2,euclidean,9,5,2,"[0.7080745341614907, 0.7166036897088242]",0.011902193178491
352,2,manhattan,9,5,2,"[0.7080745341614907, 0.7170482329406535]",0.012514777063687
112,2,euclidean,8,5,2,"[0.7062999112688554, 0.7170482329406535]",0.014989677371798
337,2,manhattan,8,5,2,"[0.7062999112688554, 0.7174927761724827]",0.015599968773674
172,2,euclidean,12,5,2,"[0.7040816326530612, 0.715492331629251]",0.015948038115526
187,2,euclidean,13,5,2,"[0.703416149068323, 0.714825516781507]",0.015961052655975
412,2,manhattan,13,5,2,"[0.7031943212067435, 0.7150477883974217]",0.016577167824327
22,2,euclidean,2,5,2,"[0.7198314108251996, 0.7079350966881529]",0.016804244051043
247,2,manhattan,2,5,2,"[0.7198314108251996, 0.7079350966881529]",0.016804244051043
397,2,manhattan,12,5,2,"[0.7038598047914818, 0.7159368748610803]",0.016868903521616
232,2,manhattan,1,5,2,"[0.7182786157941438, 0.6890420093354078]",0.042430804018662
7,2,euclidean,1,5,2,"[0.7182786157941438, 0.6890420093354078]",0.042430804018662
8,2,euclidean,1,5,3,"[0.7262644188110027, 0.7294954434318738]",0.004429122415996
233,2,manhattan,1,5,3,"[0.7262644188110027, 0.7294954434318738]",0.004429122415996
323,2,manhattan,7,5,3,"[0.6994232475598935, 0.7139364303178484]",0.020328396397273
338,2,manhattan,8,5,3,"[0.7038598047914818, 0.7188264058679706]",0.02082088381049
113,2,euclidean,8,5,3,"[0.7040816326530612, 0.7192709490997999]",0.021117655962261
98,2,euclidean,7,5,3,"[0.6992014196983141, 0.7143809735496777]",0.0212485416233
368,2,manhattan,10,5,3,"[0.7040816326530612, 0.7230495665703489]",0.026233241529012
143,2,euclidean,10,5,3,"[0.7043034605146407, 0.7234941098021782]",0.026524955804802
398,2,manhattan,12,5,3,"[0.6989795918367347, 0.718604134252056]",0.027309253426084
173,2,euclidean,12,5,3,"[0.6985359361135759, 0.718604134252056]",0.027926638857106
308,2,manhattan,6,5,3,"[0.6947648624667259, 0.715492331629251]",0.02896951965275
353,2,manhattan,9,5,3,"[0.7038598047914818, 0.7250500111135808]",0.029225854764906
128,2,euclidean,9,5,3,"[0.7040816326530612, 0.7254945543454101]",0.029514930972389
83,2,euclidean,6,5,3,"[0.6947648624667259, 0.7159368748610803]",0.029572456927104
23,2,euclidean,2,5,3,"[0.7105146406388643, 0.7359413202933985]",0.034549873683404
263,2,manhattan,3,5,3,"[0.6874445430346051, 0.7123805290064459]",0.035003744426618
248,2,manhattan,2,5,3,"[0.7100709849157054, 0.7359413202933985]",0.035152714848759
38,2,euclidean,3,5,3,"[0.6876663708961845, 0.7128250722382752]",0.035294355266001
293,2,manhattan,5,5,3,"[0.6889973380656611, 0.7161591464769949]",0.037927056499873
68,2,euclidean,5,5,3,"[0.6889973380656611, 0.7166036897088242]",0.038523875943732
383,2,manhattan,11,5,3,"[0.69698314108252, 0.7257168259613247]",0.039593521675266
158,2,euclidean,11,5,3,"[0.6965394853593612, 0.7257168259613247]",0.040204856161787
443,2,manhattan,15,5,3,"[0.6838952972493345, 0.7137141587019338]",0.041779837332683
218,2,euclidean,15,5,3,"[0.6834516415261757, 0.7137141587019338]",0.042401452747971
428,2,manhattan,14,5,3,"[0.6881100266193434, 0.7192709490997999]",0.043322926526444
203,2,euclidean,14,5,3,"[0.6874445430346051, 0.7192709490997999]",0.044248146133285
278,2,manhattan,4,5,3,"[0.6825643300798581, 0.7159368748610803]",0.046613809056417
53,2,euclidean,4,5,3,"[0.6825643300798581, 0.7163814180929096]",0.047205423199106
413,2,manhattan,13,5,3,"[0.6847826086956522, 0.7192709490997999]",0.047949024560649
188,2,euclidean,13,5,3,"[0.6843389529724934, 0.7192709490997999]",0.048565837631877
294,2,manhattan,5,5,4,"[0.7240461401952085, 0.7068237386085797]",0.024365907150391
69,2,euclidean,5,5,4,"[0.724267968056788, 0.7068237386085797]",0.024679744744493
279,2,manhattan,4,5,4,"[0.7244897959183674, 0.7068237386085797]",0.024993582338596
54,2,euclidean,4,5,4,"[0.7247116237799468, 0.7068237386085797]",0.025307419932698
174,2,euclidean,12,5,4,"[0.7191659272404614, 0.6992665036674817]",0.028457567277443
399,2,manhattan,12,5,4,"[0.7187222715173026, 0.6988219604356524]",0.028476940062451
429,2,manhattan,14,5,4,"[0.7180567879325643, 0.6974883307401645]",0.029489320875911
444,2,manhattan,15,5,4,"[0.7180567879325643, 0.6972660591242499]",0.029817497261271
204,2,euclidean,14,5,4,"[0.7185004436557232, 0.6974883307401645]",0.030125397070459
219,2,euclidean,15,5,4,"[0.7185004436557232, 0.6972660591242499]",0.030453776221581
264,2,manhattan,3,5,4,"[0.7282608695652174, 0.7061569237608357]",0.031301747615333
414,2,manhattan,13,5,4,"[0.7180567879325643, 0.695932429428762]",0.031790957811756
39,2,euclidean,3,5,4,"[0.7287045252883763, 0.7061569237608357]",0.031930015509098
189,2,euclidean,13,5,4,"[0.7185004436557232, 0.6961547010446766]",0.03209881737136
309,2,manhattan,6,5,4,"[0.7218278615794144, 0.6985996888197378]",0.033249617959206
84,2,euclidean,6,5,4,"[0.7220496894409938, 0.6985996888197378]",0.033567150109778
369,2,manhattan,10,5,4,"[0.7273735581188997, 0.6999333185152256]",0.039204076842468
144,2,euclidean,10,5,4,"[0.728039041703638, 0.7001555901311403]",0.039824650357037
384,2,manhattan,11,5,4,"[0.7278172138420586, 0.6988219604356524]",0.041491617390401
159,2,euclidean,11,5,4,"[0.7284826974267968, 0.6992665036674817]",0.041781200166293
114,2,euclidean,8,5,4,"[0.7271517302573203, 0.6979328739719938]",0.041864851728562
339,2,manhattan,8,5,4,"[0.7271517302573203, 0.6977106023560792]",0.042196761525226
99,2,euclidean,7,5,4,"[0.7273735581188997, 0.6970437875083352]",0.043512001905909
324,2,manhattan,7,5,4,"[0.7273735581188997, 0.6968215158924206]",0.043844860598702
129,2,euclidean,9,5,4,"[0.7287045252883763, 0.6977106023560792]",0.044422318978147
354,2,manhattan,9,5,4,"[0.7287045252883763, 0.6974883307401645]",0.044755149545062
249,2,manhattan,2,5,4,"[0.7369121561668146, 0.695932429428762]",0.058884634492015
24,2,euclidean,2,5,4,"[0.7371339840283939, 0.695932429428762]",0.05920338362943
234,2,manhattan,1,5,4,"[0.751109139307897, 0.679484329851078]",0.105410539007599
9,2,euclidean,1,5,4,"[0.751109139307897, 0.679484329851078]",0.105410539007599
175,2,euclidean,12,10,0,"[0.7497781721384206, 0.7499444320960214]",0.000221696369071
190,2,euclidean,13,10,0,"[0.7497781721384206, 0.7499444320960214]",0.000221696369071
205,2,euclidean,14,10,0,"[0.7497781721384206, 0.7506112469437652]",0.001109861874221
220,2,euclidean,15,10,0,"[0.7497781721384206, 0.7506112469437652]",0.001109861874221
55,2,euclidean,4,10,0,"[0.75, 0.75083351855968]",0.001110124333925
280,2,manhattan,4,10,0,"[0.75, 0.75083351855968]",0.001110124333925
400,2,manhattan,12,10,0,"[0.748890860692103, 0.7499444320960214]",0.001404865959167
415,2,manhattan,13,10,0,"[0.748890860692103, 0.7499444320960214]",0.001404865959167
100,2,euclidean,7,10,0,"[0.748890860692103, 0.750166703711936]",0.001700745998883
325,2,manhattan,7,10,0,"[0.748890860692103, 0.750166703711936]",0.001700745998883
10,2,euclidean,1,10,0,"[0.751109139307897, 0.7523894198710824]",0.001701619572754
235,2,manhattan,1,10,0,"[0.751109139307897, 0.7523894198710824]",0.001701619572754
340,2,manhattan,8,10,0,"[0.748890860692103, 0.7506112469437652]",0.002291980380879
115,2,euclidean,8,10,0,"[0.748890860692103, 0.7506112469437652]",0.002291980380879
385,2,manhattan,11,10,0,"[0.748890860692103, 0.7506112469437652]",0.002291980380879
160,2,euclidean,11,10,0,"[0.748890860692103, 0.7506112469437652]",0.002291980380879
430,2,manhattan,14,10,0,"[0.748890860692103, 0.7506112469437652]",0.002291980380879
445,2,manhattan,15,10,0,"[0.748890860692103, 0.7506112469437652]",0.002291980380879
70,2,euclidean,5,10,0,"[0.75, 0.7523894198710824]",0.003175775480059
295,2,manhattan,5,10,0,"[0.75, 0.7523894198710824]",0.003175775480059
130,2,euclidean,9,10,0,"[0.7484472049689441, 0.75083351855968]",0.003178219314601
355,2,manhattan,9,10,0,"[0.7484472049689441, 0.75083351855968]",0.003178219314601
145,2,euclidean,10,10,0,"[0.7484472049689441, 0.75083351855968]",0.003178219314601
370,2,manhattan,10,10,0,"[0.7484472049689441, 0.75083351855968]",0.003178219314601
85,2,euclidean,6,10,0,"[0.748890860692103, 0.7519448766392531]",0.004061489135746
310,2,manhattan,6,10,0,"[0.748890860692103, 0.7519448766392531]",0.004061489135746
40,2,euclidean,3,10,0,"[0.7480035492457853, 0.7512780617915092]",0.004358589332311
265,2,manhattan,3,10,0,"[0.7480035492457853, 0.7512780617915092]",0.004358589332311
250,2,manhattan,2,10,0,"[0.7491126885536823, 0.7452767281618138]",0.005147028274088
25,2,euclidean,2,10,0,"[0.7491126885536823, 0.7452767281618138]",0.005147028274088
101,2,euclidean,7,10,1,"[0.75, 0.7492776172482774]",0.000964105606645
326,2,manhattan,7,10,1,"[0.75, 0.7490553456323628]",0.001261127596439
116,2,euclidean,8,10,1,"[0.7497781721384206, 0.7486108024005335]",0.001559381368989
341,2,manhattan,8,10,1,"[0.7495563442768411, 0.7483885307846188]",0.001560437452185
416,2,manhattan,13,10,1,"[0.7475598935226264, 0.748833074016448]",0.001700219365302
191,2,euclidean,13,10,1,"[0.7477817213842058, 0.7490553456323628]",0.001700307267792
131,2,euclidean,9,10,1,"[0.7497781721384206, 0.7481662591687042]",0.002154484982399
356,2,manhattan,9,10,1,"[0.7495563442768411, 0.7479439875527895]",0.002155718544282
146,2,euclidean,10,10,1,"[0.748890860692103, 0.7506112469437652]",0.002291980380879
371,2,manhattan,10,10,1,"[0.7486690328305236, 0.7503889753278506]",0.002292067919276
176,2,euclidean,12,10,1,"[0.7480035492457853, 0.75083351855968]",0.003769103594793
161,2,euclidean,11,10,1,"[0.7477817213842058, 0.7506112469437652]",0.003769628514201
401,2,manhattan,12,10,1,"[0.7477817213842058, 0.7506112469437652]",0.003769628514201
386,2,manhattan,11,10,1,"[0.7475598935226264, 0.7503889753278506]",0.003770153744581
206,2,euclidean,14,10,1,"[0.7477817213842058, 0.7510557901755945]",0.004359288396703
221,2,euclidean,15,10,1,"[0.7477817213842058, 0.7510557901755945]",0.004359288396703
431,2,manhattan,14,10,1,"[0.7475598935226264, 0.75083351855968]",0.004359987874986
446,2,manhattan,15,10,1,"[0.7475598935226264, 0.75083351855968]",0.004359987874986
236,2,manhattan,1,10,1,"[0.7482253771073647, 0.7441653700822405]",0.005455786023308
11,2,euclidean,1,10,1,"[0.7482253771073647, 0.7441653700822405]",0.005455786023308
281,2,manhattan,4,10,1,"[0.7424578527062999, 0.7486108024005335]",0.008219156969821
56,2,euclidean,4,10,1,"[0.7424578527062999, 0.7486108024005335]",0.008219156969821
296,2,manhattan,5,10,1,"[0.7422360248447205, 0.7490553456323628]",0.009103894428369
311,2,manhattan,6,10,1,"[0.7422360248447205, 0.7490553456323628]",0.009103894428369
266,2,manhattan,3,10,1,"[0.7415705412599822, 0.7483885307846188]",0.009110227167015
71,2,euclidean,5,10,1,"[0.7422360248447205, 0.7492776172482774]",0.009397841656364
86,2,euclidean,6,10,1,"[0.7422360248447205, 0.7492776172482774]",0.009397841656364
41,2,euclidean,3,10,1,"[0.7415705412599822, 0.7486108024005335]",0.009404434344222
251,2,manhattan,2,10,1,"[0.7411268855368234, 0.7506112469437652]",0.012635517314134
26,2,euclidean,2,10,1,"[0.7411268855368234, 0.7506112469437652]",0.012635517314134
117,2,euclidean,8,10,2,"[0.7502218278615794, 0.7503889753278506]",0.000222747763849
132,2,euclidean,9,10,2,"[0.7495563442768411, 0.7499444320960214]",0.000517488766595
342,2,manhattan,8,10,2,"[0.75, 0.7503889753278506]",0.00051836492891
372,2,manhattan,10,10,2,"[0.7504436557231589, 0.7499444320960214]",0.000665680823501
147,2,euclidean,10,10,2,"[0.7504436557231589, 0.7499444320960214]",0.000665680823501
357,2,manhattan,9,10,2,"[0.7493345164152617, 0.7499444320960214]",0.000813281164119
327,2,manhattan,7,10,2,"[0.7517746228926353, 0.7503889753278506]",0.001846572391578
102,2,euclidean,7,10,2,"[0.7519964507542147, 0.7503889753278506]",0.002142189556639
162,2,euclidean,11,10,2,"[0.7517746228926353, 0.7492776172482774]",0.003332550695333
417,2,manhattan,13,10,2,"[0.7508873114463177, 0.7483885307846188]",0.003338881555386
192,2,euclidean,13,10,2,"[0.7519964507542147, 0.7490553456323628]",0.003926418974247
387,2,manhattan,11,10,2,"[0.7517746228926353, 0.748833074016448]",0.003928177024033
177,2,euclidean,12,10,2,"[0.7517746228926353, 0.748833074016448]",0.003928177024033
432,2,manhattan,14,10,2,"[0.7508873114463177, 0.7479439875527895]",0.003935219672209
447,2,manhattan,15,10,2,"[0.7508873114463177, 0.7479439875527895]",0.003935219672209
402,2,manhattan,12,10,2,"[0.7517746228926353, 0.7481662591687042]",0.004822943670222
207,2,euclidean,14,10,2,"[0.7519964507542147, 0.7481662591687042]",0.00511943907998
222,2,euclidean,15,10,2,"[0.7519964507542147, 0.7481662591687042]",0.00511943907998
312,2,manhattan,6,10,2,"[0.7471162377994676, 0.7521671482551678]",0.00671514365845
87,2,euclidean,6,10,2,"[0.7471162377994676, 0.7523894198710824]",0.007008580839053
267,2,manhattan,3,10,2,"[0.7453416149068323, 0.7512780617915092]",0.007901797199456
42,2,euclidean,3,10,2,"[0.7453416149068323, 0.7515003334074238]",0.008195230563195
282,2,manhattan,4,10,2,"[0.7453416149068323, 0.7521671482551678]",0.009074490110568
297,2,manhattan,5,10,2,"[0.7453416149068323, 0.7521671482551678]",0.009074490110568
57,2,euclidean,4,10,2,"[0.7453416149068323, 0.7523894198710824]",0.009367230290742
72,2,euclidean,5,10,2,"[0.7453416149068323, 0.7523894198710824]",0.009367230290742
252,2,manhattan,2,10,2,"[0.734472049689441, 0.7454989997777284]",0.014791368052238
27,2,euclidean,2,10,2,"[0.734472049689441, 0.7454989997777284]",0.014791368052238
237,2,manhattan,1,10,2,"[0.7287045252883763, 0.7523894198710824]",0.031479568900324
12,2,euclidean,1,10,2,"[0.7287045252883763, 0.7523894198710824]",0.031479568900324
73,2,euclidean,5,10,3,"[0.7433451641526175, 0.7437208268504112]",0.000505112515653
88,2,euclidean,6,10,3,"[0.7431233362910381, 0.7437208268504112]",0.000803380163365
298,2,manhattan,5,10,3,"[0.7433451641526175, 0.7441653700822405]",0.001102182340912
313,2,manhattan,6,10,3,"[0.7431233362910381, 0.7441653700822405]",0.001400271812013
58,2,euclidean,4,10,3,"[0.7422360248447205, 0.7434985552344966]",0.001698093938297
283,2,manhattan,4,10,3,"[0.7422360248447205, 0.7439430984663259]",0.002294629287004
193,2,euclidean,13,10,3,"[0.7468944099378882, 0.75083351855968]",0.005246314295276
418,2,manhattan,13,10,3,"[0.7468944099378882, 0.7521671482551678]",0.007010061964965
268,2,manhattan,3,10,3,"[0.7424578527062999, 0.7372749499888864]",0.007029809866037
28,2,euclidean,2,10,3,"[0.7377994676131322, 0.7432762836185819]",0.007368479428385
43,2,euclidean,3,10,3,"[0.7424578527062999, 0.7368304067570571]",0.007637369329003
253,2,manhattan,2,10,3,"[0.7377994676131322, 0.7437208268504112]",0.007961803708463
103,2,euclidean,7,10,3,"[0.738243123336291, 0.7454989997777284]",0.009732912376275
328,2,manhattan,7,10,3,"[0.738243123336291, 0.7459435430095577]",0.010323059627541
163,2,euclidean,11,10,3,"[0.7426796805678794, 0.75083351855968]",0.010859714957108
223,2,euclidean,15,10,3,"[0.7422360248447205, 0.75083351855968]",0.011450599237301
208,2,euclidean,14,10,3,"[0.7420141969831411, 0.75083351855968]",0.011746041377397
388,2,manhattan,11,10,3,"[0.7426796805678794, 0.7519448766392531]",0.012321642661871
178,2,euclidean,12,10,3,"[0.7411268855368234, 0.75083351855968]",0.012927809937783
448,2,manhattan,15,10,3,"[0.7422360248447205, 0.7521671482551678]",0.013203346401774
433,2,manhattan,14,10,3,"[0.7420141969831411, 0.7521671482551678]",0.013498264708289
358,2,manhattan,9,10,3,"[0.7384649511978705, 0.7492776172482774]",0.014430787469825
133,2,euclidean,9,10,3,"[0.7384649511978705, 0.7492776172482774]",0.014430787469825
403,2,manhattan,12,10,3,"[0.7411268855368234, 0.7521671482551678]",0.014677937934348
13,2,euclidean,1,10,3,"[0.7386867790594499, 0.7497221604801066]",0.014719294696571
238,2,manhattan,1,10,3,"[0.7386867790594499, 0.7497221604801066]",0.014719294696571
118,2,euclidean,8,10,3,"[0.7384649511978705, 0.750166703711936]",0.015598869499491
343,2,manhattan,8,10,3,"[0.7384649511978705, 0.7506112469437652]",0.016181872834107
148,2,euclidean,10,10,3,"[0.7384649511978705, 0.7521671482551678]",0.018216957612524
373,2,manhattan,10,10,3,"[0.7384649511978705, 0.7526116914869971]",0.018796864902771
209,2,euclidean,14,10,4,"[0.7440106477373558, 0.7439430984663259]",9.07989753103118E-05
44,2,euclidean,3,10,4,"[0.7362466725820763, 0.7361635919093131]",0.000112856264119
269,2,manhattan,3,10,4,"[0.7362466725820763, 0.7361635919093131]",0.000112856264119
224,2,euclidean,15,10,4,"[0.7440106477373558, 0.7437208268504112]",0.000389690427485
194,2,euclidean,13,10,4,"[0.7437888198757764, 0.7443876416981552]",0.000804448903817
419,2,manhattan,13,10,4,"[0.7457852706299911, 0.7441653700822405]",0.002176801841198
434,2,manhattan,14,10,4,"[0.7460070984915705, 0.7437208268504112]",0.003074099256897
149,2,euclidean,10,10,4,"[0.7426796805678794, 0.7403867526116915]",0.003096932715368
449,2,manhattan,15,10,4,"[0.7460070984915705, 0.7434985552344966]",0.00337397193231
164,2,euclidean,11,10,4,"[0.7431233362910381, 0.7403867526116915]",0.003696154300024
179,2,euclidean,12,10,4,"[0.743566992014197, 0.7403867526116915]",0.004295375884681
374,2,manhattan,10,10,4,"[0.7440106477373558, 0.7403867526116915]",0.004894597469338
389,2,manhattan,11,10,4,"[0.7444543034605147, 0.7403867526116915]",0.005493819053994
119,2,euclidean,8,10,4,"[0.7404614019520852, 0.7361635919093131]",0.005838118171024
344,2,manhattan,8,10,4,"[0.7404614019520852, 0.7359413202933985]",0.006141904978083
359,2,manhattan,9,10,4,"[0.7406832298136646, 0.7357190486774838]",0.006747386988422
134,2,euclidean,9,10,4,"[0.7406832298136646, 0.7357190486774838]",0.006747386988422
404,2,manhattan,12,10,4,"[0.7455634427684117, 0.7403867526116915]",0.006991873015636
299,2,manhattan,5,10,4,"[0.7366903283052352, 0.7314958879751056]",0.007101120341918
74,2,euclidean,5,10,4,"[0.7366903283052352, 0.7314958879751056]",0.007101120341918
59,2,euclidean,4,10,4,"[0.7360248447204969, 0.7308290731273617]",0.007109421045473
284,2,manhattan,4,10,4,"[0.7360248447204969, 0.7308290731273617]",0.007109421045473
104,2,euclidean,7,10,4,"[0.7426796805678794, 0.7363858635252278]",0.008546900958312
329,2,manhattan,7,10,4,"[0.7426796805678794, 0.7361635919093131]",0.0088514139115
254,2,manhattan,2,10,4,"[0.7477817213842058, 0.7399422093798622]",0.010594762543569
29,2,euclidean,2,10,4,"[0.7477817213842058, 0.7399422093798622]",0.010594762543569
314,2,manhattan,6,10,4,"[0.7442324755989352, 0.7310513447432763]",0.018030376320952
89,2,euclidean,6,10,4,"[0.7442324755989352, 0.7310513447432763]",0.018030376320952
14,2,euclidean,1,10,4,"[0.751109139307897, 0.7266059124249833]",0.03372285645342
239,2,manhattan,1,10,4,"[0.751109139307897, 0.7266059124249833]",0.03372285645342
